,query,date,id,user,tweet_text
0,desahucio,2020-06-09 04:06:47,1270205676091047939,Noridaoficial,@ricarospina @BluRadioCo La cultura de la violencia desahuci√≥ este pa√≠s con la anuencia de muchos. Solidaridad con‚Ä¶ https://t.co/K2zPIUQVPa
1,desahucio,2020-06-04 10:05:00,1268483885878276097,_CARITAS,Ante la crisis del coronavirus aumenta el riesgo de desahucio: m√°s de la mitad de los hogares atendidos por C√°ritas‚Ä¶ https://t.co/hLakl4Su2n
2,desahucio,2020-06-03 10:16:25,1268124371123671040,DiegoCalvoPouso,"Otra vez los socialistas y su continuo maltrato a #Galicia ‚ÄúLas empresas del mar, de nuevo ante la amenaza de desah‚Ä¶ https://t.co/tVmK9j9h95"
3,desahucio,2020-06-09 17:21:00,1270405549696352258,BenalmadenaStop,"RT @PAH_Burgos: El viernes os contamos el desahucio de ma√±ana de Ileana y su familia, entre ellos dos menores uno gravemente enferno.
Hoy o‚Ä¶"
4,desahucio,2020-06-09 17:12:28,1270403399616430082,AntonioRosaGar2,RT @Juand_jo: Cuando nos rodean las #AjudesFake mientras renemos que elegir entre comer o pagar la vivienda por no sufrir una orden de desa‚Ä¶
5,desahucio,2020-06-09 17:06:35,1270401922575597568,moi_buenogarcia,@cayetanaAT ¬øAlguna vez se ha implicado usted en un desahucio? ¬øLe ha preocupado al menos alguna vez que una famili‚Ä¶ https://t.co/kSmDGwY06T
6,desahucio,2020-06-09 16:53:40,1270398672103243777,anotniox,RT @JFCrip: Una madre de familia no encuentra trabajo y tiene 3 hijos que mantener. Un grupo de agentesüëÆ‚Äç‚ôÇÔ∏èvan a su casa para proceder al d‚Ä¶
7,desahucio,2020-06-09 16:52:05,1270398272633520128,rapmon266,"RT @PSNPSOE: Comisi√≥n Plan Reactivar Navarra:
üëâ A favor de la conciliaci√≥n y regulaci√≥n teletrabajo @VirginiaMagda10 
üëâ Vivienda: rehabilit‚Ä¶"
8,desahucio,2020-06-09 16:47:57,1270397229879242752,MiguelR90802641,"¬°¬° Quemados, desahucio total!! https://t.co/3UIxzJbTV4"
9,desahucio,2020-06-09 16:41:56,1270395718688268288,JFCrip,Una madre de familia no encuentra trabajo y tiene 3 hijos que mantener. Un grupo de agentesüëÆ‚Äç‚ôÇÔ∏èvan a su casa para p‚Ä¶ https://t.co/fuURj3gAYD
10,desahucio,2020-06-09 16:39:55,1270395208149204993,PAH_BCN,"RT @santimdx5: Eduard Mendiluce ¬øSe acuerda cu√°ndo dec√≠a q @blackstone ser√≠a mejor q los bancos? Pues ya ve, familia vulnerable a la q os n‚Ä¶"
11,desahucio,2020-06-09 16:33:47,1270393667178676225,PAZARAGOITIA,"RT @francisnova_145: https://t.co/j806iyDtMZ
Toda la verdad sobre este sinverg√ºenza  ABASCAL,no dejen de leerla..."
12,desahucio,2020-06-09 16:31:46,1270393157725888512,microjuris,‚öñÔ∏è Conoce la Ley de Desahucio de Puerto Rico y sus modalidades. Recurso: Hon. Lauracelis Roques Arroyo‚Ä¶ https://t.co/tDSTz7MXbx
13,desahucio,2020-06-09 16:31:18,1270393041321328644,francisnova_145,"https://t.co/j806iyDtMZ
Toda la verdad sobre este sinverg√ºenza  ABASCAL,no dejen de leerla..."
14,desahucio,2020-06-09 16:30:53,1270392937713668096,igutisanchez,"RT @PSNPSOE: Comisi√≥n Plan Reactivar Navarra:
üëâ A favor de la conciliaci√≥n y regulaci√≥n teletrabajo @VirginiaMagda10 
üëâ Vivienda: rehabilit‚Ä¶"
15,desahucio,2020-06-03 10:11:22,1268123101658841093,TeletextoMan,"RT @Rubiayerfran: Pablo casado el de los m√°ster regalados, dice que con Rajoy salimos m√°s fuertes, claro los poderosos y los bancos, miles‚Ä¶"
16,desahucio,2020-06-03 10:10:35,1268122903784062976,Juancho02872996,"RT @Rubiayerfran: Pablo casado el de los m√°ster regalados, dice que con Rajoy salimos m√°s fuertes, claro los poderosos y los bancos, miles‚Ä¶"
17,desahucio,2020-06-03 10:10:17,1268122829779808257,ponzzerage,"RT @Rubiayerfran: Pablo casado el de los m√°ster regalados, dice que con Rajoy salimos m√°s fuertes, claro los poderosos y los bancos, miles‚Ä¶"
18,desahucio,2020-06-03 10:07:25,1268122108279894017,MorenoDavoRosa,"RT @Rubiayerfran: Pablo casado el de los m√°ster regalados, dice que con Rajoy salimos m√°s fuertes, claro los poderosos y los bancos, miles‚Ä¶"
19,desahucio,2020-06-03 10:04:07,1268121275517546496,jlafuenteurien,"RT @VonBingen2: El franquismo construy√≥ 4 M de viviendas sociales; la propiedad privada era inviolable, los suministros b√°sicos estaban gar‚Ä¶"
20,desahucio,2020-06-03 10:02:31,1268120873539710977,artellodi,"RT @Rubiayerfran: Pablo casado el de los m√°ster regalados, dice que con Rajoy salimos m√°s fuertes, claro los poderosos y los bancos, miles‚Ä¶"
21,desahucio,2020-06-03 10:01:43,1268120674339602433,JoseMar72168618,RT @NoemiRosValenc2: Ma√±ana jueves 4 de Junio inundamos los juzgados con los documentos √∫tiles para paralizar cualquier desahucio que a par‚Ä¶
22,desahucio,2020-06-03 09:59:55,1268120218989182976,Mari08731405,RT @NoemiRosValenc2: Ma√±ana jueves 4 de Junio inundamos los juzgados con los documentos √∫tiles para paralizar cualquier desahucio que a par‚Ä¶
23,desahucio,2020-06-03 09:59:44,1268120172063338496,Adrian97420721,"RT @Rubiayerfran: Pablo casado el de los m√°ster regalados, dice que con Rajoy salimos m√°s fuertes, claro los poderosos y los bancos, miles‚Ä¶"
24,desahucio,2020-06-03 09:59:41,1268120159954391040,joseluisescal,"RT @Rubiayerfran: Pablo casado el de los m√°ster regalados, dice que con Rajoy salimos m√°s fuertes, claro los poderosos y los bancos, miles‚Ä¶"
25,desahucio,2020-06-03 09:57:28,1268119602539659264,Esquitx17,RT @NoemiRosValenc2: Ma√±ana jueves 4 de Junio inundamos los juzgados con los documentos √∫tiles para paralizar cualquier desahucio que a par‚Ä¶
26,desahucio,2020-06-03 09:55:57,1268119222196076544,maripuri65,"RT @RofegaRojo: ¬øC√≥mo actu√≥ la polic√≠a en las protestas en el barrio Salamanca y c√≥mo en cualquier desahucio?
Pues eso: es cuesti√≥n de clas‚Ä¶"
27,desahucio,2020-06-03 09:55:54,1268119208912715776,lolaexposito1,"RT @Rubiayerfran: Pablo casado el de los m√°ster regalados, dice que con Rajoy salimos m√°s fuertes, claro los poderosos y los bancos, miles‚Ä¶"
28,desahucio,2020-06-03 09:55:41,1268119152012689408,parcela133,"RT @Rubiayerfran: Pablo casado el de los m√°ster regalados, dice que con Rajoy salimos m√°s fuertes, claro los poderosos y los bancos, miles‚Ä¶"
29,desahucio,2020-06-03 09:55:13,1268119038712074240,ppdegalicia,"RT @temtem23: Por la puerta de atr√°s y sin tener en cuenta la realidad social de #Galicia ¬øAlgo que decir @PSdeG @G_Caballero_M ? 
Las empr‚Ä¶"
